CASE_ID,HOUR_DIR,HOUR_CORR,HOUR_VALID,IDAY_DIR,IDAY_CORR,IDAY_VALID,DAILY_DIR,DAILY_CORR,DAILY_VALID,EXPECTED_PATTERN,STATUS,NOTES
AS-PT-001,UP,false,true,UP,false,true,UP,false,true,UP,READY,"All three directed UP"
AS-PT-002,DN,false,true,DN,false,true,DN,false,true,DN,READY,"All three directed DN"
AS-PT-003,DN,false,true,UP,false,true,UP,false,true,NO,READY,"Hourly conflicts"
AS-PT-004,UP,false,true,DN,false,true,UP,false,true,NO,READY,"IDay conflicts"
AS-PT-005,UP,false,true,UP,false,true,DN,false,true,NO,READY,"Daily conflicts"
AS-PT-006,UP,false,false,UP,false,true,UP,false,true,NO,READY,"Hourly invalid -> fail closed"
AS-PT-007,UP,false,true,UP,false,false,UP,false,true,NO,READY,"IDay invalid -> fail closed"
AS-PT-008,UP,false,true,UP,false,true,UP,false,false,NO,READY,"Daily invalid -> fail closed"
AS-PT-009,NO,false,true,UP,false,true,UP,false,true,NO,READY,"Hourly direction NO"
AS-PT-010,UP,false,true,NO,false,true,UP,false,true,NO,READY,"IDay direction NO"
AS-PT-011,UP,false,true,UP,false,true,NO,false,true,NO,READY,"Daily direction NO"
AS-PT-012,UP,true,true,UP,false,true,UP,false,true,UP,READY,"Correction flag alone does not block aligned UP"
AS-PT-013,DN,false,true,DN,true,true,DN,false,true,DN,READY,"Correction flag alone does not block aligned DN"
AS-PT-014,UP,true,true,UP,true,true,UP,true,true,UP,READY,"All correction flags set, directions still aligned UP"