ID,FROM_STATE,FROM_DIRECTION,CONTEXT_VALID,OBJECTIVE_EVENT,SELECTOR_STATUS,EXPECTED_STATE,EXPECTED_DIRECTION,TEST_STATUS,NOTE
AS-PS-001,ANY,ANY,0,INVALID_CONTEXT,NONE,PATTERN_NEUTRAL,AS_DIR_NO,READY,fail closed from any previous state
AS-PS-002,PATTERN_NEUTRAL,AS_DIR_NO,1,W2_CROSS_UP+W4_TURN_UP+W3_TOWARD_ZERO,W4_NEAR_EXTREMUM+W3_NEAR_ZERO,PATTERN_REVERSAL_CANDIDATE,AS_DIR_UP,UNRESOLVED_SELECTOR,candidate needs qualitative selectors
AS-PS-003,PATTERN_NEUTRAL,AS_DIR_NO,1,W2_CROSS_DOWN+W4_TURN_DOWN+W3_TOWARD_ZERO,W4_NEAR_EXTREMUM+W3_NEAR_ZERO,PATTERN_REVERSAL_CANDIDATE,AS_DIR_DN,UNRESOLVED_SELECTOR,candidate needs qualitative selectors
AS-PS-004,PATTERN_REVERSAL_CANDIDATE,AS_DIR_UP,1,W3_SIGN_UP+W4_SIGN_UP,NONE,PATTERN_REVERSAL_CONFIRMED,AS_DIR_UP,READY,both senior roles changed hemisphere in reversal direction
AS-PS-005,PATTERN_REVERSAL_CANDIDATE,AS_DIR_DN,1,W3_SIGN_DOWN+W4_SIGN_DOWN,NONE,PATTERN_REVERSAL_CONFIRMED,AS_DIR_DN,READY,both senior roles changed hemisphere in reversal direction
AS-PS-006,PATTERN_REVERSAL_CANDIDATE,AS_DIR_UP,1,W2_W3_RETURN_ORIGINAL_SIDE,NONE,PATTERN_RECOVERY,AS_DIR_DN,READY,reversal up cancelled by return to original side
AS-PS-007,PATTERN_REVERSAL_CANDIDATE,AS_DIR_DN,1,W2_W3_RETURN_ORIGINAL_SIDE,NONE,PATTERN_RECOVERY,AS_DIR_UP,READY,reversal down cancelled by return to original side
AS-PS-008,PATTERN_REVERSAL_CANDIDATE,AS_DIR_UP,1,W4_RESUMES_ORIGINAL_DIRECTION,NONE,PATTERN_RECOVERY,AS_DIR_DN,READY,W4 recovery cancels reversal up
AS-PS-009,PATTERN_REVERSAL_CANDIDATE,AS_DIR_DN,1,W4_RESUMES_ORIGINAL_DIRECTION,NONE,PATTERN_RECOVERY,AS_DIR_UP,READY,W4 recovery cancels reversal down
AS-PS-010,PATTERN_NEUTRAL,AS_DIR_NO,1,W3_SIGN_UP+W4_SIGN_UP,NONE,PATTERN_NEUTRAL,AS_DIR_NO,READY,no direct NEUTRAL to CONFIRMED
AS-PS-011,PATTERN_NEUTRAL,AS_DIR_NO,1,W3_SIGN_DOWN+W4_SIGN_DOWN,NONE,PATTERN_NEUTRAL,AS_DIR_NO,READY,no direct NEUTRAL to CONFIRMED
AS-PS-012,PATTERN_NEUTRAL,AS_DIR_NO,1,W2_W3_RETURN_ORIGINAL_SIDE,NONE,PATTERN_NEUTRAL,AS_DIR_NO,READY,recovery cannot exist without previous reversal scenario
AS-PS-013,PATTERN_NEUTRAL,AS_DIR_NO,1,W4_RESUMES_ORIGINAL_DIRECTION,NONE,PATTERN_NEUTRAL,AS_DIR_NO,READY,recovery cannot exist without previous reversal scenario
AS-PS-014,PATTERN_REVERSAL_CONFIRMED,AS_DIR_UP,1,RECOVERY_AFTER_CONFIRMED,NONE,UNKNOWN,UNKNOWN,UNRESOLVED_TRANSITION,exact post-confirmation recovery transition not yet proven
AS-PS-015,PATTERN_REVERSAL_CONFIRMED,AS_DIR_DN,1,RECOVERY_AFTER_CONFIRMED,NONE,UNKNOWN,UNKNOWN,UNRESOLVED_TRANSITION,exact post-confirmation recovery transition not yet proven
AS-PS-016,PATTERN_RECOVERY,AS_DIR_UP,1,RECOVERY_COMPLETE,NONE,UNKNOWN,UNKNOWN,UNRESOLVED_TRANSITION,RECOVERY to NEUTRAL lifecycle not yet source-proven
AS-PS-017,PATTERN_RECOVERY,AS_DIR_DN,1,RECOVERY_COMPLETE,NONE,UNKNOWN,UNKNOWN,UNRESOLVED_TRANSITION,RECOVERY to NEUTRAL lifecycle not yet source-proven
