"ID","DOMAIN","REQUIREMENT","SOURCE_CLASS","SOURCE_URL","SOURCE_DATE","CONFIDENCE","ANDRESLAW_MODULE","IMPLEMENTATION_STATUS","TEST_ID","TEST_STATUS","NOTES"
"AS-WAVE-001","WAVES","SWT decomposes price into multiple trend/wave scales; Andreslaw must use one canonical wave source","A","https://swt-metod.blogspot.com/p/1-swt.html","","HIGH","AS_Waves.mq4; wave_bank.mqh","IMPLEMENTED","STAGE5_NEW_BAR_PIPELINE","PASS","AS_Waves is the single source of wave math in Andreslaw"
"AS-WAVE-002","WAVES","EA/provider must not maintain a second independent Butterworth/AS engine","PROJECT","docs/AS_CANONICAL_ARCHITECTURE_RU.md","2026-10-04","HIGH","wave_provider.mqh","IMPLEMENTED","STAGE5_NEW_BAR_PIPELINE","PASS","Architectural invariant"
"AS-TREND-001","TREND","TrendVector selects the highest Trend level and is clamped to 4..8","A","https://swt-metod.blogspot.com/2026/04/","2026-04-06","HIGH","cfg_defaults.mqh; sig_trend.mqh","IMPLEMENTED","AS_TREND_4_8_MATRIX","PASS","Verified 2026-10-05 by AS_Trend48SelfTest: PASS=24 FAIL=0 TOTAL=24"
"AS-TREND-002","TREND","AdaptiveMode=false uses all selected Trend levels 4..TrendVector; conflicting directions produce no trade direction","A","https://swt-metod.blogspot.com/2026/04/","2026-04-06","HIGH","sig_trend.mqh","IMPLEMENTED","AS_TREND_4_8_MATRIX","PASS","Verified 2026-10-05 by AS_Trend48SelfTest: PASS=24 FAIL=0 TOTAL=24"
"AS-TREND-003","TREND","In SWT-Robot v3.3 AdaptiveMode=true uses the senior directed Trend; if all selected senior trends are corrective Weekly determines direction","A","https://swt-metod.blogspot.com/2026/04/1-swt-robot-v33.html","2026-04-05","HIGH","sig_trend.mqh","IMPLEMENTED","AS_TREND_4_8_MATRIX","PASS","Verified 2026-10-05 by AS_Trend48SelfTest: PASS=24 FAIL=0 TOTAL=24"
"AS-TREND-004","TREND","ContrTrend reverses the resulting Trend direction; Pattern accounting is not inverted by ContrTrend","A","https://swt-metod.blogspot.com/2026/04/","2026-04-06","HIGH","sig_trend.mqh","IMPLEMENTED","AS_TREND_4_8_MATRIX","PASS","Verified 2026-10-05 by AS_Trend48SelfTest: PASS=24 FAIL=0 TOTAL=24"
"AS-TREND-005","TREND","DominantCorrection is an opening block active only with AdaptiveMode=true; Trend direction and block state must remain separate","A","https://swt-metod.blogspot.com/2026/04/1-swt-robot-v33.html","2026-04-05","HIGH","sig_trend.mqh; sig_collect.mqh","IMPLEMENTED","AS_TREND_4_8_MATRIX","PASS","Verified 2026-10-05 by AS_Trend48SelfTest: PASS=24 FAIL=0 TOTAL=24"
"AS-TREND-006","TREND","Missing/invalid data for a required selected Trend source must fail closed in Andreslaw rather than silently selecting a lower source","PROJECT","docs/AS_TREND_4_8_SPEC_RU.md","2026-10-04","HIGH","sig_trend.mqh","IMPLEMENTED","AS_TREND_4_8_MATRIX","PASS","Verified 2026-10-05 by AS_Trend48SelfTest: PASS=24 FAIL=0 TOTAL=24"
"AS-TREND-007","TREND","Legacy SWT_Robot exposes separate DominantTrend and ReverseReadyToTrade semantics that must not be silently mixed with v3.3","A","https://swt-metod.blogspot.com/p/swt.html","","HIGH","future versioned trend policy","QUARANTINE","AS_TREND_VERSION_POLICY","NOT_RUN","Explicit version drift"
"AS-TREND-008","TREND","Ordering of DominantCorrection relative to ContrTrend is not proven by current source text","PROJECT","docs/AS_TREND_4_8_SPEC_RU.md","2026-10-04","HIGH","sig_trend.mqh","QUARANTINE","AS_TREND_DC_CONTRA_ORDER","NOT_RUN","Do not declare this combination canonical until evidence is found"
"AS-PATTERN-001","PATTERN","Pattern uses Hourly/IDay/Daily context","A","https://swt-metod.blogspot.com/p/swt.html","","HIGH","contracts.mqh; wave_hierarchy.mqh; sig_pattern.mqh","IMPLEMENTED","PATTERN_BASE_MATRIX","PASS","Verified 2026-10-05 by AS_Pattern13SelfTest: PASS=14 FAIL=0 TOTAL=14; sig_pattern.mqh required no production change"
"AS-PATTERN-002","PATTERN","Full Pattern logic must distinguish trend/correction/reversal states","A","https://swt-metod.blogspot.com/p/swt.html","","MEDIUM","sig_pattern.mqh; wave_classify.mqh","MISSING","PATTERN_STATE_MACHINE","NOT_RUN","Must be recovered before declaring Pattern complete"
"AS-SIGNAL-001","SIGNAL","BUY when W2 crosses zero from non-positive to positive; SELL symmetrically","A","https://swt-metod.blogspot.com/p/swt.html","","HIGH","sig_reversal.mqh","IMPLEMENTED","W2_ZERO_CROSS_MATRIX","PASS","Verified 2026-10-05 by AS_W2SignalSelfTest: PASS=14 FAIL=0 TOTAL=14; sig_reversal.mqh required no production change"
"AS-SIGNAL-002","SIGNAL","BUY/SELL may occur when W2 turns away from zero while staying on the same side","A","https://swt-metod.blogspot.com/p/swt.html","","HIGH","sig_reversal.mqh","IMPLEMENTED","W2_TURN_MATRIX","PASS","Verified 2026-10-05 by AS_W2SignalSelfTest: PASS=14 FAIL=0 TOTAL=14; sig_reversal.mqh required no production change"
"AS-TRADE-001","DECISION","Trade intent requires compatible Trend + Pattern + W2 signal + permission + no blocking gates","A","https://swt-metod.blogspot.com/p/swt.html","","HIGH","sig_collect.mqh; val_signal.mqh","PARTIAL","TRADE_CONJUNCTION_MATRIX","NOT_RUN","Structure exists; unit matrix missing"
"AS-MTF-001","MTF","Wave provider must read canonical AS_Waves on explicit timeframes without duplicating wave math","PROJECT","docs/AS_CANONICAL_ARCHITECTURE_RU.md","2026-10-04","HIGH","wave_provider.mqh","IMPLEMENTED","STAGE6_MTF_SOURCE_SMOKE","PASS","Stage6 FIX1 runtime PASS 2026-10-05: current TF plus H1/D1/W1 from canonical AS_Waves"
"AS-SR-001","SWTsr","SWTsr is a volatility-derived support/resistance channel provider for multiple wave scales","A","https://swt-metod.blogspot.com/","","MEDIUM","TBD SWTsr provider","MISSING","AS_SR_SPEC","NOT_RUN","Exact formula must be recovered before coding"
"AS-SR-002","SWTsr","StopLossLevel maps strategic stop selection to trend/channel level","A","https://swt-metod.blogspot.com/p/swt.html","","MEDIUM","pm_stop.mqh; cfg contract; future SWTsr provider","PARTIAL","AS_SR_STOPLEVEL_MATRIX","NOT_RUN","Price provider missing"
"AS-CH-001","SWTch","SWTch provides dynamic volatility channels used for range/return/channel-entry logic","A","https://swt-metod.blogspot.com/","","MEDIUM","TBD SWTch provider","MISSING","AS_CH_SPEC","NOT_RUN","Exact formula must be recovered"
"AS-RISK-001","RISK","Position size must be derived from capital/risk and stop distance when automatic sizing is used","A","https://swt-metod.blogspot.com/p/swt.html","","MEDIUM","order_size.mqh; val_risk.mqh","PARTIAL","RISK_SIZE_MATRIX","NOT_RUN","TickValueFactor/version semantics still need verification"
"AS-PM-001","POSITION_MANAGEMENT","ProfitRiskPerc defines a profit-vs-strategic-risk close trigger","A","https://swt-metod.blogspot.com/p/swt.html","","MEDIUM","pm_trigger.mqh","PARTIAL","PROFIT_RISK_MATRIX","NOT_RUN","Needs exact version semantics"
"AS-PM-002","POSITION_MANAGEMENT","SafeModeClose combines profit/close trigger with trend-pattern reversal logic","A","https://swt-metod.blogspot.com/p/swt.html","","MEDIUM","pm_dispatch.mqh; future Pattern provider","PARTIAL","SAFE_MODE_CLOSE_MATRIX","NOT_RUN","Blocked by incomplete Pattern"
"AS-CONFIG-001","CONFIG","Observed SWT-Robot baseline: TrendVector=7","C","LOCAL_MT4_LOG","2026-09-20","HIGH","future recovered baseline config","MISSING","CONFIG_BASELINE_PARSE","NOT_RUN","Observed version only; not universal default"
"AS-CONFIG-002","CONFIG","Observed SWT-Robot baseline: RiskLimitPerc=100; RiskTradePerc=1; LotsManual=0","C","LOCAL_MT4_LOG","2026-09-20","HIGH","future recovered baseline config","MISSING","CONFIG_BASELINE_PARSE","NOT_RUN","Observed version only"
"AS-CONFIG-003","CONFIG","Observed SWT-Robot baseline: StopLossLevel=5; TakeProfitLevel=3; ProfitRiskPerc=5; AdaptiveTrailingStop=6","C","LOCAL_MT4_LOG","2026-09-20","HIGH","future recovered baseline config","MISSING","CONFIG_BASELINE_PARSE","NOT_RUN","Observed version only"
"AS-CONFIG-004","CONFIG","Observed SWT-Robot baseline includes Grid/DoubleGrid/GridStepFactor/GridStepManual/MFactor","C","LOCAL_MT4_LOG","2026-09-20","HIGH","future optional grid contract","MISSING","CONFIG_BASELINE_PARSE","NOT_RUN","High-risk optional branch; do not enable trading"
"AS-CONFIG-005","CONFIG","Observed SWT-Robot baseline: SafeModeClose=true; ManualPositionControl=true; TimeOutMinutes=15; Magic=220656","C","LOCAL_MT4_LOG","2026-09-20","HIGH","future recovered baseline config","MISSING","CONFIG_BASELINE_PARSE","NOT_RUN","Observed version only"
"AS-SAFETY-001","SAFETY","Recovered historical SWT settings must not replace Andreslaw safe recovery defaults automatically","PROJECT","docs/AS_CANONICAL_ARCHITECTURE_RU.md","2026-10-04","HIGH","cfg_defaults.mqh; Andreslav_AS.mq4","IMPLEMENTED","SAFETY_LOCK","PASS","enabled=false and hard trading lock remain mandatory during recovery"
"AS-Q-001","QUARANTINE","sig_rank formula is not yet proven and must not be invented","PROJECT","docs/AS_CANONICAL_ARCHITECTURE_RU.md","2026-10-04","HIGH","TBD","QUARANTINE","SIG_RANK_SPEC","NOT_RUN","Await primary-source evidence"
"AS-Q-002","QUARANTINE","Fibonacci/as_pipeline branch is not canonical SWT without explicit evidence","PROJECT","docs/AS_CANONICAL_ARCHITECTURE_RU.md","2026-10-04","HIGH","TBD","QUARANTINE","AS_PIPELINE_SPEC","NOT_RUN","Do not integrate into trading core"
