CASE_ID,OLDER,PREV,CURRENT,EXPECTED,STATUS,NOTES
AS-W2-001,-2.0,-1.0,0.5,BUY,READY,"Cross zero from negative to positive"
AS-W2-002,-2.0,0.0,0.5,BUY,READY,"Leave zero upward"
AS-W2-003,2.0,1.0,-0.5,SELL,READY,"Cross zero from positive to negative"
AS-W2-004,2.0,0.0,-0.5,SELL,READY,"Leave zero downward"
AS-W2-005,3.0,2.0,2.5,BUY,READY,"Positive wave approached zero then turned upward"
AS-W2-006,-3.0,-2.0,-2.5,SELL,READY,"Negative wave approached zero then turned downward"
AS-W2-007,1.0,2.0,3.0,NONE,READY,"Positive monotonic move away from zero is not a new turn"
AS-W2-008,3.0,2.0,1.0,NONE,READY,"Positive wave still moving toward zero"
AS-W2-009,-1.0,-2.0,-3.0,NONE,READY,"Negative monotonic move away from zero is not a new turn"
AS-W2-010,-3.0,-2.0,-1.0,NONE,READY,"Negative wave still moving toward zero"
AS-W2-011,2.0,1.0,1.0,NONE,READY,"Positive flat continuation"
AS-W2-012,-2.0,-1.0,-1.0,NONE,READY,"Negative flat continuation"
AS-W2-013,-1.0,-0.5,0.0,NONE,READY,"Touch zero is not BUY until positive"
AS-W2-014,1.0,0.5,0.0,NONE,READY,"Touch zero is not SELL until negative"