ID,DOMAIN,REQUIREMENT,SOURCE_CLASS,SOURCE_URL,SOURCE_DATE,CONFIDENCE,ANDRESLAW_MODULE,IMPLEMENTATION_STATUS,TEST_ID,TEST_STATUS,NOTES
SWT-WAVE-001,WAVES,"SWT decomposes price into multiple trend/wave scales; Andreslaw must use one canonical wave source",A,https://swt-metod.blogspot.com/p/1-swt.html,,HIGH,"AS_Waves.mq4; wave_bank.mqh",IMPLEMENTED,STAGE5_NEW_BAR_PIPELINE,PASS,"AS_Waves is the single source of wave math in Andreslaw"
SWT-WAVE-002,WAVES,"EA/provider must not maintain a second independent Butterworth/AS engine",PROJECT,docs/SWT_CANONICAL_ARCHITECTURE_RU.md,2026-10-04,HIGH,"wave_provider.mqh",IMPLEMENTED,STAGE5_NEW_BAR_PIPELINE,PASS,"Architectural invariant"
SWT-TREND-001,TREND,"TrendVector selects the highest trend level in the 4..8 range",A,https://swt-metod.blogspot.com/p/swt.html,,HIGH,"cfg_defaults.mqh; sig_trend.mqh",PARTIAL,TREND_VECTOR_CONTRACT,NOT_RUN,"Clamp 4..8 exists; full semantic test pending"
SWT-TREND-002,TREND,"Non-adaptive Trend requires agreement of selected Trend levels",A,https://swt-metod.blogspot.com/p/swt.html,,MEDIUM,"sig_trend.mqh",PARTIAL,TREND_NONADAPTIVE_MATRIX,NOT_RUN,"Needs source-by-source verification and unit matrix"
SWT-TREND-003,TREND,"Adaptive mode uses the senior directed trend while correction states do not necessarily define direction",A,https://swt-metod.blogspot.com/p/swt.html,,MEDIUM,"sig_trend.mqh",PARTIAL,TREND_ADAPTIVE_MATRIX,NOT_RUN,"Version drift risk: AdaptiveMode/DominantTrend/DominantCorrection"
SWT-TREND-004,TREND,"ContraTrend reverses resulting trade direction but must not blindly invert Pattern",A,https://swt-metod.blogspot.com/p/swt.html,,MEDIUM,"sig_trend.mqh",PARTIAL,CONTRATREND_MATRIX,NOT_RUN,"Requires explicit test"
SWT-PATTERN-001,PATTERN,"Pattern uses Hourly/IDay/Daily context",A,https://swt-metod.blogspot.com/p/swt.html,,HIGH,"contracts.mqh; wave_hierarchy.mqh; sig_pattern.mqh",PARTIAL,PATTERN_BASE_MATRIX,NOT_RUN,"Current code only checks direction equality"
SWT-PATTERN-002,PATTERN,"Full Pattern logic must distinguish trend/correction/reversal states",A,https://swt-metod.blogspot.com/p/swt.html,,MEDIUM,"sig_pattern.mqh; wave_classify.mqh",MISSING,PATTERN_STATE_MACHINE,NOT_RUN,"Must be recovered before declaring Pattern complete"
SWT-SIGNAL-001,SIGNAL,"BUY when W2 crosses zero from non-positive to positive; SELL symmetrically",A,https://swt-metod.blogspot.com/p/swt.html,,HIGH,"sig_reversal.mqh",IMPLEMENTED,W2_ZERO_CROSS_MATRIX,NOT_RUN,"Closed bars only"
SWT-SIGNAL-002,SIGNAL,"BUY/SELL may occur when W2 turns away from zero while staying on the same side",A,https://swt-metod.blogspot.com/p/swt.html,,HIGH,"sig_reversal.mqh",IMPLEMENTED,W2_TURN_MATRIX,NOT_RUN,"Closed bars only"
SWT-TRADE-001,DECISION,"Trade intent requires compatible Trend + Pattern + W2 signal + permission + no blocking gates",A,https://swt-metod.blogspot.com/p/swt.html,,HIGH,"sig_collect.mqh; val_signal.mqh",PARTIAL,TRADE_CONJUNCTION_MATRIX,NOT_RUN,"Structure exists; unit matrix missing"
SWT-MTF-001,MTF,"Wave provider must read canonical AS_Waves on explicit timeframes without duplicating wave math",PROJECT,docs/SWT_CANONICAL_ARCHITECTURE_RU.md,2026-10-04,HIGH,"wave_provider.mqh",IN_TEST,STAGE6_MTF_SOURCE_SMOKE,NOT_RUN,"Stage6 FIX1 compiled; runtime waiting for market tick"
SWT-SR-001,SWTsr,"SWTsr is a volatility-derived support/resistance channel provider for multiple wave scales",A,https://swt-metod.blogspot.com/,,MEDIUM,"TBD SWTsr provider",MISSING,SWT_SR_SPEC,NOT_RUN,"Exact formula must be recovered before coding"
SWT-SR-002,SWTsr,"StopLossLevel maps strategic stop selection to trend/channel level",A,https://swt-metod.blogspot.com/p/swt.html,,MEDIUM,"pm_stop.mqh; cfg contract; future SWTsr provider",PARTIAL,SWT_SR_STOPLEVEL_MATRIX,NOT_RUN,"Price provider missing"
SWT-CH-001,SWTch,"SWTch provides dynamic volatility channels used for range/return/channel-entry logic",A,https://swt-metod.blogspot.com/,,MEDIUM,"TBD SWTch provider",MISSING,SWT_CH_SPEC,NOT_RUN,"Exact formula must be recovered"
SWT-RISK-001,RISK,"Position size must be derived from capital/risk and stop distance when automatic sizing is used",A,https://swt-metod.blogspot.com/p/swt.html,,MEDIUM,"order_size.mqh; val_risk.mqh",PARTIAL,RISK_SIZE_MATRIX,NOT_RUN,"TickValueFactor/version semantics still need verification"
SWT-PM-001,POSITION_MANAGEMENT,"ProfitRiskPerc defines a profit-vs-strategic-risk close trigger",A,https://swt-metod.blogspot.com/p/swt.html,,MEDIUM,"pm_trigger.mqh",PARTIAL,PROFIT_RISK_MATRIX,NOT_RUN,"Needs exact version semantics"
SWT-PM-002,POSITION_MANAGEMENT,"SafeModeClose combines profit/close trigger with trend-pattern reversal logic",A,https://swt-metod.blogspot.com/p/swt.html,,MEDIUM,"pm_dispatch.mqh; future Pattern provider",PARTIAL,SAFE_MODE_CLOSE_MATRIX,NOT_RUN,"Blocked by incomplete Pattern"
SWT-CONFIG-001,CONFIG,"Observed SWT-Robot baseline: TrendVector=7",C,LOCAL_MT4_LOG,2026-09-20,HIGH,"future recovered baseline config",MISSING,CONFIG_BASELINE_PARSE,NOT_RUN,"Observed version only; not universal default"
SWT-CONFIG-002,CONFIG,"Observed SWT-Robot baseline: RiskLimitPerc=100; RiskTradePerc=1; LotsManual=0",C,LOCAL_MT4_LOG,2026-09-20,HIGH,"future recovered baseline config",MISSING,CONFIG_BASELINE_PARSE,NOT_RUN,"Observed version only"
SWT-CONFIG-003,CONFIG,"Observed SWT-Robot baseline: StopLossLevel=5; TakeProfitLevel=3; ProfitRiskPerc=5; AdaptiveTrailingStop=6",C,LOCAL_MT4_LOG,2026-09-20,HIGH,"future recovered baseline config",MISSING,CONFIG_BASELINE_PARSE,NOT_RUN,"Observed version only"
SWT-CONFIG-004,CONFIG,"Observed SWT-Robot baseline includes Grid/DoubleGrid/GridStepFactor/GridStepManual/MFactor",C,LOCAL_MT4_LOG,2026-09-20,HIGH,"future optional grid contract",MISSING,CONFIG_BASELINE_PARSE,NOT_RUN,"High-risk optional branch; do not enable trading"
SWT-CONFIG-005,CONFIG,"Observed SWT-Robot baseline: SafeModeClose=true; ManualPositionControl=true; TimeOutMinutes=15; Magic=220656",C,LOCAL_MT4_LOG,2026-09-20,HIGH,"future recovered baseline config",MISSING,CONFIG_BASELINE_PARSE,NOT_RUN,"Observed version only"
SWT-SAFETY-001,SAFETY,"Recovered historical SWT settings must not replace Andreslaw safe recovery defaults automatically",PROJECT,docs/SWT_CANONICAL_ARCHITECTURE_RU.md,2026-10-04,HIGH,"cfg_defaults.mqh; Andreslav_AS.mq4",IMPLEMENTED,SAFETY_LOCK,PASS,"enabled=false and hard trading lock remain mandatory during recovery"
SWT-Q-001,QUARANTINE,"sig_rank formula is not yet proven and must not be invented",PROJECT,docs/SWT_CANONICAL_ARCHITECTURE_RU.md,2026-10-04,HIGH,"TBD",QUARANTINE,SIG_RANK_SPEC,NOT_RUN,"Await primary-source evidence"
SWT-Q-002,QUARANTINE,"Fibonacci/as_pipeline branch is not canonical SWT without explicit evidence",PROJECT,docs/SWT_CANONICAL_ARCHITECTURE_RU.md,2026-10-04,HIGH,"TBD",QUARANTINE,AS_PIPELINE_SPEC,NOT_RUN,"Do not integrate into trading core"
